,indicativo,indsinop,nombre,provincia,altitud,longitud,latitud
1,B013X,8304,"ESCORCA, LLUC",ILLES BALEARS,490,2.885833333,39.82333333
2,B051A,8316,"SÓLLER, PUERTO",BALEARES,5,2.691388889,39.79555556
3,B087X,,BANYALBUFAR,ILLES BALEARS,60,2.512777778,39.68916667
4,B103B,,ANDRATX - SANT ELM,BALEARES,52,2.368888889,39.57944444
5,B158X,,"CALVIÀ, ES CAPDELLÀ",BALEARES,50,2.466388889,39.55138889
6,B228,8301,"PALMA, PUERTO",BALEARES,3,2.625277778,39.55416667
7,B236C,,"PALMA, UNIVERSITAT",ILLES BALEARS,95,2.643888889,39.64222222
8,B248,8303,"SIERRA DE ALFABIA, BUNYOLA",ILLES BALEARS,1030,2.713055556,39.735
9,B275E,8302,"SON BONET, AEROPUERTO",BALEARES,47,2.706666667,39.60583333
10,B278,8306,"PALMA DE MALLORCA, AEROPUERTO",BALEARES,5,2.736666667,39.56083333
11,B301,8308,"LLUCMAJOR, CAP BLANC",BALEARES,113,2.785,39.37972222
12,B334X,,LLUCMAJOR,ILLES BALEARS,140,2.891666667,39.49555556
13,B341X,,PORRERES,ILLES BALEARS,149,3.005555556,39.50611111
14,B346X,8310,PORRERES,ILLES BALEARS,120,3.019166667,39.52166667
15,B362X,,"CAMPOS, CAN SION",ILLES BALEARS,40,3.064166667,39.40583333
16,B373X,,"CAMPOS, SALINES LLEVANT",ILLES BALEARS,3,3.011944444,39.35111111
17,B398A,,"CABRERA, PARQUE NACIONAL DE CABRERA",BALEARES,165,2.936666667,39.13555556
18,B410B,,SANTANYÍ,BALEARES,45,3.145833333,39.34
19,B434X,8309,PORTOCOLOM,ILLES BALEARS,17,3.271666667,39.41444444
20,B496X,,SON SERVERA,ILLES BALEARS,25,3.383611111,39.63027778
21,B526X,,ARTÀ,ILLES BALEARS,110,3.351111111,39.68861111
22,B569X,8311,CAPDEPERA,BALEARES,57,3.478055556,39.71666667
23,B603X,,ARTÀ-COLÒNIA DE SANT PERE,ILLES BALEARS,99,3.278611111,39.72305556
24,B605X,,"MURO, S'ALBUFERA",ILLES BALEARS,2,3.104722222,39.79666667
25,B614E,,MANACOR,ILLES BALEARS,100,3.217777778,39.55694444
26,B640X,,PETRA,BALEARES,95,3.121111111,39.61638889
27,B644B,,SINEU,ILLES BALEARS,120,3.002222222,39.64333333
28,B656A,,SANTA MARÍA DEL CAMÍ,BALEARES,121,2.800277778,39.6525
29,B662X,,BINISSALEM,ILLES BALEARS,105,2.873888889,39.67805556
30,B684A,,"ESCORCA, SON TORRELLA",ILLES BALEARS,842,2.787777778,39.79277778
31,B691,,LA PUEBLA (SA CANOVA),BALEARES,40,3.015277778,39.74833333
32,B691Y,8312,SA POBLA,BALEARES,32,3.016666667,39.74916667
33,B760X,,POLLENÇA,ILLES BALEARS,45,3.024166667,39.87694444
34,B780X,,PORT DE POLLENÇA,ILLES BALEARS,2,3.100277778,39.90944444
35,B800X,,"LA MOLA, MAÓ",ILLES BALEARS,78,4.323888889,39.87611111
36,B825B,,ES MERCADAL,ILLES BALEARS,80,4.086388889,39.99055556
37,B860X,,CIUTADELLA,ILLES BALEARS,20,3.853888889,39.99277778
38,B870C,,"CIUTADELLA, CALA GALDANA",BALEARES,43,3.956666667,39.94472222
39,B893,8314,"MENORCA, AEROPUERTO",BALEARES,91,4.215555556,39.85472222
40,B908X,,SANT JOAN DE LABRITJA,ILLES BALEARS,110,1.4925,39.05611111
41,B925,,SANT ANTONI DE PORTMANY,BALEARES,32,1.321388889,38.96305556
42,B954,8373,"IBIZA, AEROPUERTO",ILLES BALEARS,6,1.384444444,38.87638889
43,B957,,EIVISSA,BALEARES,3,1.441388889,38.9225
44,B986,,FORMENTERA,BALEARES,24,1.463611111,38.69361111
45,C018J,,TÍAS,LAS PALMAS,376,-13.69027778,28.96972222
46,C019V,,YAIZA PLAYA BLANCA,LAS PALMAS,6,-13.835,28.85888889
47,C029O,60040,LANZAROTE AEROPUERTO,LAS PALMAS,14,-13.60027778,28.95194444
48,C038N,,HARÍA,LAS PALMAS,277,-13.48916667,29.14361111
49,C048W,,TINAJO,LAS PALMAS,275,-13.68083333,29.0425
50,C101A,,ROQUE DE LOS MUCHACHOS,SANTA CRUZ DE TENERIFE,2223,-17.89527778,28.75583333
51,C117A,,PUNTAGORDA,STA. CRUZ DE TENERIFE,684,-17.98555556,28.76055556
52,C117Z,,TIJARAFE,STA. CRUZ DE TENERIFE,733,-17.93666667,28.67472222
53,C126A,,EL PASO,STA. CRUZ DE TENERIFE,844,-17.85305556,28.65388889
54,C129V,,FUENCALIENTE,STA. CRUZ DE TENERIFE,19,-17.84111111,28.455
55,C129Z,60004,TAZACORTE,SANTA CRUZ DE TENERIFE,62,-17.91527778,28.59583333
56,C139E,60005,LA PALMA AEROPUERTO,SANTA CRUZ DE TENERIFE,33,-17.755,28.63305556
57,C148F,,SAN ANDRÉS Y SAUCES,STA. CRUZ DE TENERIFE,362,-17.78222222,28.80472222
58,C229J,,PÁJARA,LAS PALMAS,15,-14.35805556,28.04916667
59,C239N,,"TUINEJE,PUERTO GRAN TARAJAL",LAS PALMAS,1,-14.02305556,28.20861111
60,C248E,,ANTIGUA,LAS PALMAS,252,-14.01916667,28.41694444
61,C249I,60035,FUERTEVENTURA AEROPUERTO,LAS PALMAS,25,-13.86305556,28.44472222
62,C258K,,LA OLIVA,LAS PALMAS,217,-13.93166667,28.6125
63,C314Z,,"VALLEHERMOSO, ALTO IGUALERO",STA. CRUZ DE TENERIFE,1474,-17.24916667,28.10694444
64,C316I,,ARURE,STA. CRUZ DE TENERIFE,916,-17.315,28.12833333
65,C317B,,AGULO,STA. CRUZ DE TENERIFE,765,-17.21305556,28.17888889
66,C319W,,"VALLEHERMOSO, DAMA",STA. CRUZ DE TENERIFE,190,-17.30638889,28.05416667
67,C328W,,HERMIGUA,STA. CRUZ DE TENERIFE,252,-17.19416667,28.16361111
68,C329B,60007,"LA GOMERA, AEROPUERTO",STA. CRUZ DE TENERIFE,219,-17.21083333,28.03166667
69,C329Z,60008,SAN SEBASTIÁN DE LA GOMERA,STA. CRUZ DE TENERIFE,15,-17.11138889,28.08972222
70,C406G,,"LA OROTAVA, CAÑADAS TEIDE",STA. CRUZ DE TENERIFE,2150,-16.62611111,28.22416667
71,C419L,60024,LOMO DEL BALO,SANTA CRUZ DE TENERIFE,403,-16.79194444,28.20694444
72,C419X,,ADEJE,STA. CRUZ DE TENERIFE,130,-16.71055556,28.08138889
73,C428T,,ARICO,STA. CRUZ DE TENERIFE,418,-16.48333333,28.18083333
74,C429I,60025,TENERIFE SUR AEROPUERTO,SANTA CRUZ DE TENERIFE,64,-16.56111111,28.04694444
75,C430E,60010,IZAÑA,SANTA CRUZ DE TENERIFE,2369,-16.49972222,28.30833333
76,C438N,,CANDELARIA,STA. CRUZ DE TENERIFE,463,-16.40166667,28.35916667
77,C439J,60018,GÜÍMAR,SANTA CRUZ DE TENERIFE,115,-16.38222222,28.31833333
78,C446G,,"SAN CRISTÓBAL DE LA LAGUNA,LLANO DE LOS LOROS",STA. CRUZ DE TENERIFE,868,-16.28027778,28.52638889
79,C447A,60015,TENERIFE NORTE AEROPUERTO,SANTA CRUZ DE TENERIFE,632,-16.32944444,28.4775
80,C449C,60020,STA.CRUZ DE TENERIFE,SANTA CRUZ DE TENERIFE,36,-16.25527778,28.46333333
81,C449F,,ANAGA,STA. CRUZ DE TENERIFE,19,-16.19555556,28.50805556
82,C457I,,LA VICTORIA DE ACENTEJO,STA. CRUZ DE TENERIFE,567,-16.45444444,28.43444444
83,C458A,,TACORONTE,STA. CRUZ DE TENERIFE,310,-16.42,28.49638889
84,C459Z,60012,PUERTO DE LA CRUZ,STA. CRUZ DE TENERIFE,25,-16.54833333,28.41805556
85,C468X,,SAN JUAN DE LA RAMBLA,STA. CRUZ DE TENERIFE,667,-16.62583333,28.37305556
86,C611E,,VEGA DE SAN MATEO,LAS PALMAS,1702,-15.58388889,27.97666667
87,C612F,,"TEJEDA, CRUZ DE TEJEDA",LAS PALMAS,1514,-15.59888889,28.00694444
88,C614H,60038,TEJEDA,LAS PALMAS,1060,-15.61583333,27.995
89,C619I,60027,LA ALDEA DE SAN NICOLÁS,LAS PALMAS,10,-15.81388889,28.00083333
90,C619X,,AGAETE,LAS PALMAS,5,-15.71277778,28.10111111
91,C619Y,60027,LA ALDEA DE SAN NICOLÁS,LAS PALMAS,13,-15.8075,28.00111111
92,C623I,,"SAN BARTOLOME TIRAJANA, CUEVAS DEL PINAR",LAS PALMAS,1220,-15.59972222,27.92666667
93,C625O,,"SAN BARTOLOME TIRAJANA, LOMO PEDRO ALFONSO",LAS PALMAS,806,-15.645,27.85694444
94,C628B,,"LA ALDEA DE SAN NICOLÁS, TASARTE",LAS PALMAS,318,-15.77,27.90888889
95,C629Q,,"MOGÁN, PUERTO RICO",LAS PALMAS,10,-15.71111111,27.78
96,C629X,60036,"MOGÁN, PUERTO",LAS PALMAS,10,-15.76416667,27.81638889
97,C635B,,"SAN BARTOLOME TIRAJANA, LAS TIRAJANAS",LAS PALMAS,960,-15.57416667,27.92
98,C639M,,"MASPALOMAS, C. INSULAR TURISMO",LAS PALMAS,45,-15.57555556,27.75805556
99,C639U,,"SAN BARTOLOME TIRAJANA, EL MATORRAL",LAS PALMAS,41,-15.45305556,27.8125
100,C648C,,AGÜIMES,LAS PALMAS,306,-15.45388889,27.9025
101,C648N,,"TELDE, CENTRO FORESTAL DORAMAS",LAS PALMAS,344,-15.45777778,27.9875
102,C649I,60030,GRAN CANARIA AEROPUERTO,LAS PALMAS,24,-15.39527778,27.91777778
103,C649R,,"TELDE, MELENARA",LAS PALMAS,9,-15.37777778,27.98666667
104,C656V,,TEROR,LAS PALMAS,683,-15.54722222,28.07527778
105,C658L,,LAS PALMAS DE G.C. (TAFIRA CMT),LAS PALMAS,269,-15.45083333,28.075
106,C658X,,"LAS PALMAS DE GRAN CANARIA, TAFIRA",LAS PALMAS,269,-15.45333333,28.07805556
107,C659H,60029,"LAS PALMAS DE GRAN CANARIA, SAN CRISTOBAL",LAS PALMAS,55,-15.41611111,28.08972222
108,C659M,60032,"LAS PALMAS DE GRAN CANARIA, PL. DE LA FERIA",LAS PALMAS,15,-15.42138889,28.11305556
109,C665T,,VALLESECO,LAS PALMAS,900,-15.56555556,28.06555556
110,C668V,,AGAETE - SUERTE ALTA,LAS PALMAS,352,-15.675,28.09444444
111,C669B,,ARUCAS,LAS PALMAS,86,-15.50666667,28.14166667
112,C689E,60037,MASPALOMAS,LAS PALMAS,6,-15.59583333,27.73583333
113,C839I,,TEGUISE,LAS PALMAS,10,-13.50194444,29.23194444
114,C839X,60045,LA GRACIOSA,LAS PALMAS,19,-13.51027778,29.22972222
115,C916Q,,"EL PINAR, DEPÓSITO",STA. CRUZ DE TENERIFE,948,-17.97805556,27.71888889
116,C917E,,"EL PINAR, LA DEHESA",STA. CRUZ DE TENERIFE,713,-18.115,27.72527778
117,C919K,,TACORON-LAPILLAS-TORTUGA,STA. CRUZ DE TENERIFE,98,-18.01861111,27.66527778
118,C925F,,"SAN ANDRÉS, VALVERDE",STA. CRUZ DE TENERIFE,1070,-17.96027778,27.76888889
119,C928I,,VALVERDE,STA. CRUZ DE TENERIFE,670,-17.91944444,27.81083333
120,C929I,60001,HIERRO AEROPUERTO,SANTA CRUZ DE TENERIFE,32,-17.88888889,27.81888889
121,C939T,,"FRONTERA, SABINOSA",STA. CRUZ DE TENERIFE,20,-18.1075,27.75638889
122,0002I,8169,VANDELLÒS,TARRAGONA,32,0.871388889,40.95805556
123,0009X,,ALFORJA,TARRAGONA,406,0.963333333,41.21388889
124,0016A,8175,REUS AEROPUERTO,TARRAGONA,71,1.163611111,41.145
125,0016B,,REUS (CENTRE LECTURA),TARRAGONA,118,1.108888889,41.15416667
126,0034X,,VALLS,TARRAGONA,233,1.260833333,41.29305556
127,0042Y,,TARRAGONA,TARRAGONA,55,1.249166667,41.12388889
128,0061X,,PONTONS,BARCELONA,632,1.519166667,41.41694444
129,0066X,,VILAFRANCA DEL PENEDÈS,BARCELONA,177,1.676944444,41.33027778
130,0073X,,SITGES,BARCELONA,58,1.8525,41.24388889
131,76,8181,BARCELONA AEROPUERTO,BARCELONA,4,2.07,41.29277778
132,0092X,,BERGA,BARCELONA,682,1.8575,42.10138889
133,0106X,,BALSARENY,BARCELONA,361,1.8725,41.86638889
134,0114X,,PRATS DE LLUÇANÈS,BARCELONA,700,2.026666667,42.00694444
135,0120X,,MOIÀ,BARCELONA,742,2.095277778,41.81333333
136,0149D,,MANRESA (LA CULLA),BARCELONA,291,1.840277778,41.72
137,0149X,8174,MANRESA,BARCELONA,291,1.840277778,41.72
138,0158O,,MONTSERRAT,BARCELONA,738,1.839166667,41.59444444
139,0158X,,MONISTROL DE MONTSERRAT,BARCELONA,738,1.839166667,41.59444444
140,0171X,8172,IGUALADA,BARCELONA,313,1.617777778,41.57888889
141,0194D,8179,"CORBERA, PUIG D'AGULLES",BARCELONA,647,1.885,41.40805556
142,0200E,,"BARCELONA, FABRA",BARCELONA,408,2.124166667,41.41833333
143,0201D,8180,"BARCELONA, PORT OLÍMPIC",BARCELONA,26,2.2,41.39055556
144,0201X,,"BARCELONA, DRASSANES",BARCELONA,11,2.173888889,41.375
145,0222X,,CALDES DE MONTBUI,BARCELONA,175,2.168333333,41.61277778
146,0229I,8192,SABADELL AEROPUERTO,BARCELONA,146,2.103055556,41.52361111
147,0244X,,VILASSAR DE DALT,BARCELONA,56,2.3625,41.505
148,0252D,8186,ARENYS DE MAR,BARCELONA,74,2.54,41.58722222
149,0255B,8188,SANTA SUSANNA,BARCELONA,40,2.696944444,41.65083333
150,0260X,,FOGARS DE MONTCLÚS,BARCELONA,936,2.431111111,41.76
151,0281Y,,BLANES,GIRONA,45,2.805,41.67694444
152,0284X,,CASTELL D'ARO,GIRONA,14,3.030833333,41.80777778
153,0294B,,LA BISBAL (D'EMPORDA 3),GIRONA,51,3.042222222,41.96777778
154,0312X,,SANT PAU DE SEGÚRIES,GIRONA,851,2.364444444,42.25833333
155,0320I,,PLANOLES,GIRONA,1151,2.102777778,42.31694444
156,321,,CAMPDEVANOL,GIRONA,731,2.167222222,42.22277778
157,0324A,8118,RIPOLL,GIRONA,675,2.196111111,42.19138889
158,341,,TONA (ESCOLA),BARCELONA,607,2.2225,41.84694444
159,0341X,,TONA,BARCELONA,607,2.2225,41.84694444
160,349,8119,SANT JULIÀ  DE VILATORTA,BARCELONA,578,2.3175,41.92611111
161,0360X,,LES PLANES D'HOSTOLES,GIRONA,337,2.551111111,42.05277778
162,0363X,,SANT HILARI,GIRONA,810,2.513333333,41.88083333
163,367,8184,GIRONA AEROPUERTO,GIRONA,143,2.763055556,41.91138889
164,0370B,,"GIRONA, ANTIC INSTITUT",GIRONA,95,2.825277778,41.98
165,0370E,,GIRONA,GIRONA,76,2.819444444,41.97222222
166,0372C,8120,PORQUERES,GIRONA,157,2.763611111,42.10444444
167,0385X,,L'ESTARTIT,GIRONA,1,3.201388889,42.05388889
168,0394X,,LA VALL DE BIANYA,GIRONA,350,2.471944444,42.21055556
169,0411X,,CASTELLÓ D'EMPÚRIES,GIRONA,2,3.093055556,42.22472222
170,0413A,,MAÇANET DE CABRENYS,GIRONA,355,2.755555556,42.38694444
171,0421E,,ESPOLLA 'LES ALBERES',GIRONA,100,3.006111111,42.39
172,0421X,,ESPOLLA,GIRONA,100,3.006111111,42.39
173,0429X,,FIGUERES,GIRONA,45,2.960277778,42.25916667
174,0433D,8121,CABO DE CREUS,GIRONA,75,3.315555556,42.31916667
175,1002Y,8030,"BAZTAN, IRURITA",NAVARRA,183,-1.543055556,43.13583333
176,1010X,,BERA,NAVARRA,54,-1.675833333,43.27861111
177,1012P,,IRUN,GIPUZKOA,120,-1.796666667,43.32638889
178,1014,8029,"HONDARRIBIA, MALKARROA",GIPUZKOA,4,-1.792222222,43.35694444
179,1014A,8029,DONOSTIA / SAN SEBASTIÁN AEROPUERTO,GIPUZKOA,4,-1.792222222,43.35694444
180,1021X,,"ERRENTERIA, AÑARBE",GIPUZKOA,165,-1.878888889,43.21388889
181,1021Y,,ARTICUTZA (AUTOMATICA),NAVARRA,305,-1.797777778,43.21222222
182,1024E,8027,"DONOSTIA / SAN SEBASTIÁN, IGELDO",GIPUZKOA,250,-2.041111111,43.30638889
183,1025A,,SEGURA,GIPUZKOA,255,-2.256666667,43.01555556
184,1025X,,"BEASAIN, ARRIARAN",GIPUZKOA,255,-2.231944444,43.05472222
185,1026X,,ORDIZIA,GIPUZKOA,290,-2.184166667,43.05805556
186,1033X,,ARESO,NAVARRA,520,-1.950833333,43.085
187,1037X,,LEGAZPI,GIPUZKOA,460,-2.337222222,43.05166667
188,1037Y,8037,ZUMARRAGA,GIPUZKOA,431,-2.3175,43.08
189,1038X,,AZPEITIA,GIPUZKOA,180,-2.267222222,43.1725
190,1041A,8026,ZUMAIA,GIPUZKOA,28,-2.251111111,43.30222222
191,1044X,,"ARAMAIO, ETXAGUEN",ARABA/ALAVA,617,-2.589722222,43.05777778
192,1048X,,ARETXABALETA,GIPUZKOA,308,-2.465833333,43.025
193,1049N,,ELGETA,GIPUZKOA,470,-2.495833333,43.13833333
194,1050J,8036,ELGOIBAR,GIPUZKOA,119,-2.413333333,43.20916667
195,1052A,,MUTRIKU,GIPUZKOA,150,-2.397222222,43.31722222
196,1055B,8024,LEKEITIO,BIZKAIA,12,-2.510277778,43.37694444
197,1056K,,FORUA,BIZKAIA,45,-2.671111111,43.3425
198,1057B,,MATXITXAKO,BIZKAIA,93,-2.752777778,43.45388889
199,1059X,8059,PUNTA GALEA,BIZKAIA,81,-3.021666667,43.375
200,1060X,,AMURRIO,ARABA/ALAVA,240,-3.005555556,43.05027778
201,1064L,,"OROZKO, IBARRA",BIZKAIA,270,-2.860277778,43.09638889
202,1069Y,,"ABADIÑO, URKIOLA",BIZKAIA,747,-2.644166667,43.09916667
203,1074C,,AMOREBIETA-ETXANO,BIZKAIA,100,-2.706111111,43.20277778
204,1078C,,BALMASEDA,BIZKAIA,210,-3.209722222,43.18055556
205,1078I,8035,GÜEÑES,BIZKAIA,208,-3.104722222,43.20333333
206,1082,8025,BILBAO AEROPUERTO,BIZKAIA,42,-2.906388889,43.29805556
207,1083B,,SOPUERTA,BIZKAIA,177,-3.168611111,43.27972222
208,1083L,8020,CASTRO URDIALES,CANTABRIA,45,-3.233888889,43.39472222
209,1089U,,RAMALES DE LA VICTORIA,CANTABRIA,80,-3.470833333,43.25583333
210,1096X,,"BARCENA DE CICERO, TRETO",CANTABRIA,10,-3.469722222,43.39666667
211,1103X,,SAN ROQUE DE RIOMIERA,CANTABRIA,849,-3.721111111,43.2275
212,1109,8021,SANTANDER AEROPUERTO,CANTABRIA,3,-3.825555556,43.42388889
213,1109X,8021,SANTANDER AEROPUERTO,CANTABRIA,3,-3.831388889,43.42861111
214,1110,,"SANTANDER, CIUDAD",CANTABRIA,64,-3.818888889,43.465
215,1111,8023,SANTANDER,CANTABRIA,52,-3.800555556,43.49111111
216,1111X,8023,SANTANDER,CANTABRIA,51,-3.800555556,43.49111111
217,1124E,,VILLACARRIEDO,CANTABRIA,196,-3.849444444,43.24555556
218,1135C,,"LOS TOJOS, BÁRCENA MAYOR",CANTABRIA,460,-4.214166667,43.14694444
219,1152C,,SAN FELICES DE BUELNA,CANTABRIA,105,-4.048611111,43.27194444
220,1154H,,"TORRELAVEGA, SIERRAPANDO",CANTABRIA,110,-4.0275,43.35861111
221,1159,8017,SAN VICENTE DE LA BARQUERA,CANTABRIA,38,-4.392222222,43.39333333
222,1167B,,"CAMALEÑO, FUENTE DE",CANTABRIA,1100,-4.812777778,43.14388889
223,1167G,,"MIRADOR DEL CABLE, PARQUE NACIONAL PICOS DE EUROPA",CANTABRIA,1910,-4.803055556,43.155
224,1167J,,"CORISCAO, PARQUE NACIONAL PICOS DE EUROPA",CANTABRIA,1722,-4.773888889,43.08916667
225,1174I,,"CILLORIGO DE LIÉBANA, TAMA",CANTABRIA,250,-4.601666667,43.18277778
226,1176A,,TRESVISO,CANTABRIA,940,-4.668333333,43.25583333
227,1178R,,"SOTRES, PARQUE NACIONAL PICOS DE EUROPA",ASTURIAS,1236,-4.736666667,43.2375
228,1178Y,,"POSADA DE VALDEÓN, SOTO",LEON,953,-4.931666667,43.14527778
229,1179B,,CABRALES,ASTURIAS,458,-4.852777778,43.31111111
230,1183X,8016,LLANES,ASTURIAS,10,-4.748055556,43.42027778
231,1186P,,"AMIEVA, PANIZALES",ASTURIAS,370,-5.119166667,43.26666667
232,1199X,,"PILOÑA, BARGAÉU",ASTURIAS,280,-5.396666667,43.37777778
233,1203D,,COLUNGA,ASTURIAS,30,-5.247222222,43.49222222
234,1207U,8065,"GIJÓN, CAMPUS",ASTURIAS,26,-5.621111111,43.52305556
235,1208,,GIJÓN,ASTURIAS,3,-5.6375,43.53888889
236,1208A,,GIJÓN. LA MERCED,ASTURIAS,22,-5.661944444,43.54166667
237,1208H,8014,"GIJÓN, PUERTO",ASTURIAS,5,-5.700833333,43.55972222
238,1210X,8012,CABO PEÑAS,ASTURIAS,100,-5.848611111,43.65583333
239,1212E,8011,ASTURIAS AEROPUERTO,ASTURIAS,127,-6.044166667,43.56694444
240,1221D,8031,PAJARES-VALGRANDE,ASTURIAS,1480,-5.776388889,42.97861111
241,1223P,,"LENA, RONZÓN",ASTURIAS,370,-5.822777778,43.13277778
242,1226X,,"ALLER, FELECHOSA",ASTURIAS,750,-5.476944444,43.09527778
243,1234P,,"MIERES, BAIÑA",ASTURIAS,170,-5.819166667,43.275
244,1249I,8015,OVIEDO,ASTURIAS,336,-5.874166667,43.35333333
245,1249X,8015,OVIEDO,ASTURIAS,334,-5.873888889,43.35333333
246,1272B,,"TINEO, SOUTU",ASTURIAS,280,-6.386666667,43.29027778
247,1276F,,POLA DE SOMIEDO,ASTURIAS,670,-6.256944444,43.1
248,1279X,,"SALAS, CAMUÑO",ASTURIAS,240,-6.230833333,43.425
249,1283U,8010,CABO BUSTO,ASTURIAS,60,-6.47,43.56916667
250,1297E,,CERVANTES,LUGO,1020,-7.0175,42.76861111
251,1302F,,DEGAÑA,ASTURIAS,1310,-6.4725,42.95527778
252,1309C,,"IBIAS, SAN ANTOLIN",ASTURIAS,780,-6.885,43.0275
253,1327A,,"VILLAYÓN, ONETA",ASTURIAS,410,-6.673333333,43.46555556
254,1331A,8009,CASTROPOL,ASTURIAS,40,-7.031388889,43.52472222
255,1341B,,"TARAMUNDI, OURIA",ASTURIAS,340,-7.061111111,43.41555556
256,1342X,,RIBADEO,LUGO,43,-7.083055556,43.54055556
257,1344X,,MONDOÑEDO,LUGO,125,-7.361666667,43.43138889
258,1347T,,BURELA,LUGO,80,-7.357222222,43.65111111
259,1351,8004,ESTACA DE BARES,A CORUÑA,90,-7.685,43.78611111
260,1354C,8005,FERROL,A CORUÑA,4,-8.262222222,43.47638889
261,1363X,,AS PONTES,A CORUÑA,343,-7.861388889,43.44583333
262,1387,8001,A CORUÑA,A CORUÑA,57,-8.421388889,43.36583333
263,1387D,8000,A CORUÑA BENS,A CORUÑA,132,-8.441944444,43.36333333
264,1387E,8002,A CORUÑA AEROPUERTO,A CORUÑA,98,-8.371944444,43.30694444
265,1390X,,"CARBALLO, DEPURADORA",A CORUÑA,98,-8.711111111,43.20361111
266,1393,8006,CABO VILÁN,A CORUÑA,50,-9.210833333,43.16055556
267,1399,,VIMIANZO,A CORUÑA,287,-9.046944444,43.0575
268,1400,8040,FISTERRA,A CORUÑA,230,-9.291388889,42.92472222
269,1406X,,MAZARICOS,A CORUÑA,340,-8.993611111,42.93527778
270,1410X,,SOBRADO,A CORUÑA,500,-8.022222222,43.03777778
271,1428,8042,SANTIAGO DE COMPOSTELA AEROPUERTO,A CORUÑA,370,-8.410555556,42.88805556
272,1435C,,NOIA,A CORUÑA,128,-8.876111111,42.80027778
273,1437O,8043,MONTE IROITE,A CORUÑA,685,-8.923333333,42.72055556
274,1442U,,BOIRO,A CORUÑA,10,-8.892222222,42.64388889
275,1446X,,MONTERROSO,LUGO,680,-7.768333333,42.80972222
276,1455I,,RODEIRO-VILAMAIOR,PONTEVEDRA,645,-7.953888889,42.71111111
277,1465U,,LALIN-CRISTIMIL,PONTEVEDRA,463,-8.1925,42.66555556
278,1466A,,SILLEDA,PONTEVEDRA,435,-8.257777778,42.70083333
279,1468X,,A ESTRADA,PONTEVEDRA,269,-8.501944444,42.69361111
280,1473A,8039,PADRÓN,A CORUÑA,100,-8.627222222,42.73833333
281,1475X,8041,SANTIAGO DE COMPOSTELA,A CORUÑA,240,-8.555833333,42.87611111
282,1476R,,"ROIS, CASAS DO PORTO",A CORUÑA,210,-8.714722222,42.74972222
283,1477U,,VILAGARCIA DE AROUSA,PONTEVEDRA,36,-8.769722222,42.58222222
284,1477V,,VILAGARCÍA DE AROUSA,PONTEVEDRA,32,-8.774722222,42.58472222
285,1484,,"PONTEVEDRA, INSTITUTO",PONTEVEDRA,19,-8.647222222,42.43055556
286,1484C,8044,PONTEVEDRA,PONTEVEDRA,113,-8.615833333,42.43833333
287,1486E,8043,ESCUELA NAVAL DE MARÍN,PONTEVEDRA,3,-8.706944444,42.39611111
288,1489A,,A LAMA,PONTEVEDRA,395,-8.451111111,42.40694444
289,1495,8045,VIGO AEROPUERTO,PONTEVEDRA,255,-8.623888889,42.23861111
290,1496X,,VIGO,PONTEVEDRA,120,-8.724166667,42.23055556
291,1505,8008,LUGO AEROPUERTO,LUGO,442,-7.4575,43.11111111
292,1518A,,LUGO,LUGO,442,-7.5525,42.99833333
293,1521I,,O PÁRAMO,LUGO,403,-7.499444444,42.84527778
294,1521X,,BECERREÁ,LUGO,1080,-7.185277778,42.86388889
295,1541B,,VILLABLINO,LEON,958,-6.333888889,42.92888889
296,1542,8052,PUERTO DE LEITARIEGOS,ASTURIAS,1530,-6.414166667,42.99416667
297,1549,8053,PONFERRADA,LEON,532,-6.6,42.56388889
298,1561I,,VEGA DE ESPINAREDA,LEON,770,-6.673611111,42.76611111
299,1583X,,O BARCO DE VALDEORRAS,OURENSE,315,-6.993055556,42.41555556
300,1631E,8051,A POBRA DE TRIVES,OURENSE,840,-7.2825,42.33944444
301,1639X,,CHANDREXA DE QUEIXA,OURENSE,990,-7.383611111,42.26027778
302,1658,,FOLGOSO DO COUREL,LUGO,612,-7.191666667,42.58861111
303,1679A,,MONFORTE DE LEMOS,LUGO,291,-7.510833333,42.53166667
304,1690A,8048,OURENSE,OURENSE,146,-7.859722222,42.32527778
305,1690B,,"OURENSE,INSTITUTO",OURENSE,148,-7.864444444,42.33222222
306,1696O,,BEARIZ,OURENSE,610,-8.278055556,42.46805556
307,1700X,8047,O CARBALLIÑO,OURENSE,400,-8.0925,42.42138889
308,1701X,,RIBADAVIA,OURENSE,112,-8.129166667,42.3
309,1706A,,ALLARIZ,OURENSE,492,-7.796111111,42.18277778
310,1719,,A CAÑIZA,PONTEVEDRA,560,-8.281111111,42.21805556
311,1723X,,"PONTEAREAS, CANEDO",PONTEVEDRA,90,-8.492777778,42.18222222
312,1730E,,O ROSAL,PONTEVEDRA,55,-8.8475,41.94388889
313,1735X,8050,XINZO DE LIMIA,OURENSE,616,-7.733611111,42.07916667
314,1738U,,MUIÑOS,OURENSE,730,-7.988888889,41.93416667
315,1740,,"SANTILLANA DEL MAR, ALTAMIRA",CANTABRIA,150,-4.124444444,43.37722222
316,2005Y,,"VINUESA, QUINTANAREJO",SORIA,1197,-2.782777778,41.96777778
317,2017Y,,"LA PÓVEDA DE SORIA, BARRIOMARTÍN",SORIA,1260,-2.494166667,41.99583333
318,2030,8148,SORIA,SORIA,1081,-2.483055556,41.775
319,2044B,,LUBIA,SORIA,1100,-2.5075,41.60055556
320,2048A,,MORÓN DE ALMAZÁN,SORIA,978,-2.420277778,41.41944444
321,2059B,,LA RIBA DE ESCALOTE,SORIA,1042,-2.783333333,41.34972222
322,2084Y,,UCERO,SORIA,960,-3.046944444,41.72194444
323,2092,,BURGO DE OSMA,SORIA,932,-3.086944444,41.58944444
324,2096B,,LICERAS,SORIA,1150,-3.251388889,41.37361111
325,2106B,,CORUÑA DEL CONDE,BURGOS,955,-3.381944444,41.74583333
326,2117D,8144,ARANDA DE DUERO,BURGOS,790,-3.742777778,41.66583333
327,2135A,,FRESNO DE CANTESPINO,SEGOVIA,993,-3.507222222,41.37277778
328,2140A,,ALDEANUEVA DE SERREZUELA,SEGOVIA,1135,-3.785833333,41.46444444
329,2150H,8143,"LA PINILLA, ESTACIÓN DE ESQUÍ",SEGOVIA,1798,-3.475277778,41.19194444
330,2166Y,,PEÑAFIEL,VALLADOLID,756,-4.124722222,41.59305556
331,2172Y,,SARDÓN DE DUERO,VALLADOLID,725,-4.405555556,41.61194444
332,2182C,,PEDRAZA,SEGOVIA,1107,-3.790277778,41.13388889
333,2192C,,CUÉLLAR,SEGOVIA,795,-4.265555556,41.38361111
334,2235U,8058,CERVERA DE PISUERGA,PALENCIA,1140,-4.52,42.87055556
335,2243A,,AGUILAR DE CAMPOO,PALENCIA,910,-4.277222222,42.79805556
336,2276B,,VILLAELES DE VALDAVIA,PALENCIA,908,-4.575,42.56888889
337,2285B,,VILLADIEGO,BURGOS,869,-4.001111111,42.52388889
338,2290Y,,PEDROSA DEL PRÍNCIPE,BURGOS,771,-4.198888889,42.25111111
339,2296A,,ÓLVEGA,SORIA,1039,-1.976666667,41.77555556
340,2298,8149,PALACIOS DE LA SIERRA,BURGOS,1080,-3.131666667,41.95972222
341,2302N,,MONTERRUBIO DE LA DEMANDA,BURGOS,1197,-3.109722222,42.14638889
342,2311Y,,VILLAMAYOR DE LOS MONTES,BURGOS,884,-3.767777778,42.10527778
343,2331,8075,BURGOS AEROPUERTO,BURGOS,891,-3.620277778,42.35694444
344,2362C,,"VELILLA DEL RÍO CARRIÓN, CAMPORREDONDO DE ALBA",PALENCIA,1575,-4.713611111,42.89388889
345,2374X,8068,CARRIÓN DE LOS CONDES,PALENCIA,830,-4.617222222,42.35083333
346,2400E,8072,AUTILLA DEL PINO,PALENCIA,874,-4.602777778,41.99555556
347,2401,,"PALENCIA, OBSERVATORIO",PALENCIA,750,-4.529166667,42.005
348,2401X,,PALENCIA,PALENCIA,736,-4.560555556,42.00944444
349,2422,8141,VALLADOLID,VALLADOLID,734,-4.754166667,41.64055556
350,2430Y,,MUÑOTELLO,AVILA,1178,-5.044166667,40.54333333
351,2444,8210,ÁVILA,AVILA,1130,-4.679722222,40.65916667
352,2444C,,"ÁVILA, AYUNTAMIENTO",AVILA,1143,-4.700277778,40.65666667
353,2453E,,GOTARRENDURA,AVILA,920,-4.741944444,40.82888889
354,2456B,,AREVALO,AVILA,820,-4.73,41.07138889
355,2462,8215,PUERTO DE NAVACERRADA,MADRID,1892,-4.010833333,40.79333333
356,2465,8213,SEGOVIA,SEGOVIA,1008,-4.126388889,40.94527778
357,2465A,,"SEGOVIA, INSTITUTO",SEGOVIA,990,-4.115833333,40.94666667
358,2471Y,,SAN RAFAEL,SEGOVIA,1237,-4.211944444,40.71861111
359,2482B,,MIGUELAÑEZ,SEGOVIA,870,-4.375833333,41.12638889
360,2491C,8205,"LA COVATILLA, ESTACIÓN DE ESQUÍ",SALAMANCA,1960,-5.69,40.355
361,2503B,,"OLMEDO, DEPÓSITO DE AGUA",VALLADOLID,786,-4.691944444,41.28
362,2503X,8142,OLMEDO,VALLADOLID,740,-4.686944444,41.32583333
363,2507Y,,RUEDA,VALLADOLID,724,-4.963611111,41.41944444
364,2512Y,,RIVILLA DE BARAJAS,AVILA,925,-5.018611111,40.88222222
365,2517A,,FUENTE EL SOL,VALLADOLID,755,-4.939722222,41.17277778
366,2536D,,MORALES DEL TORO,ZAMORA,710,-5.271388889,41.54833333
367,2539,8140,VALLADOLID AEROPUERTO,VALLADOLID,846,-4.855555556,41.71194444
368,2555B,,FUENTESAUCO,ZAMORA,811,-5.481388889,41.23666667
369,2565,,CORESES,ZAMORA,702,-5.630555556,41.55527778
370,2568D,,"SANTERVÁS DE LA VEGA, VILLAPÚN",PALENCIA,985,-4.851111111,42.52361111
371,2593D,,VILLALÓN DE CAMPOS,VALLADOLID,782,-5.041111111,42.09416667
372,2604B,,MEDINA DE RIOSECO,VALLADOLID,731,-5.040277778,41.87583333
373,2611D,,VILLAFÁFILA,ZAMORA,690,-5.5925,41.85638889
374,2614,8130,ZAMORA,ZAMORA,656,-5.735277778,41.51555556
375,2624C,,RIAÑO,LEON,1090,-5.0075,42.95833333
376,2626Y,,CUBILLAS DE RUEDA,LEON,916,-5.193333333,42.62
377,2630X,8057,PUERTO DE SAN ISIDRO,LEON,1510,-5.376944444,43.06222222
378,2661,8055,"LEÓN, VIRGEN DEL CAMINO",LEON,916,-5.651111111,42.58833333
379,2661B,8055,LEÓN AEROPUERTO,LEON,912,-5.643611111,42.59944444
380,2664B,,VALENCIA DE DON JUAN,LEON,788,-5.504722222,42.29583333
381,2701D,,"BARRIOS DE LUNA, MIÑERA",LEON,1120,-5.870833333,42.88555556
382,2728B,,"QUINTANA DEL CASTILLO, VILLAMECA",LEON,995,-6.070833333,42.64833333
383,2734D,,ASTORGA,LEON,919,-6.074444444,42.47666667
384,2737E,8123,LAGUNAS DE SOMOZA,LEON,1020,-6.196666667,42.3775
385,2742R,,BUSTILLO DEL PÁRAMO,LEON,850,-5.779722222,42.46638889
386,2755X,8056,BENAVENTE,ZAMORA,715,-5.666666667,42.01083333
387,2766E,,"SANABRIA, ROBLEDA-CERVANTES",ZAMORA,933,-6.639722222,42.0825
388,2775X,8125,VILLARDECIERVOS,ZAMORA,850,-6.279722222,41.94138889
389,2777K,,SANTIBAÑEZ DE VIDRIALES,ZAMORA,737,-6.007222222,42.07805556
390,2789H,,POZUELO DE TABARA,ZAMORA,711,-5.908888889,41.78555556
391,2804F,,VILLADEPERA,ZAMORA,790,-6.141944444,41.53388889
392,2811A,8206,NAVARREDONDA DE GREDOS,AVILA,1525,-5.143055556,40.35055556
393,2828Y,,BARCO DE AVILA,AVILA,1012,-5.519166667,40.35527778
394,2847X,,PEDROSILLO DE LOS AIRES,SALAMANCA,865,-5.643333333,40.67555556
395,2863C,,PEDRAZA DE ALBA,SALAMANCA,897,-5.366111111,40.73222222
396,2867,8202,SALAMANCA AEROPUERTO,SALAMANCA,790,-5.498333333,40.95944444
397,2870,8201,SALAMANCA,SALAMANCA,775,-5.662222222,40.9575
398,2873X,,BARBADILLO,SALAMANCA,817,-5.779722222,40.90361111
399,2882D,8135,PEÑAUSENDE,ZAMORA,1003,-5.8975,41.23888889
400,2885K,,FRESNO DE SAYAGO,ZAMORA,804,-6.022222222,41.30444444
401,2891A,,VILLARINO DE LOS AIRES,SALAMANCA,690,-6.462222222,41.26277778
402,2914C,,BOADILLA FUENTE SAN ESTEBAN,SALAMANCA,785,-6.202777778,40.78611111
403,2916A,8129,VITIGUDINO,SALAMANCA,769,-6.437777778,41.01138889
404,2918Y,,EL MAÍLLO,SALAMANCA,1027,-6.223611111,40.56944444
405,2926B,,BAÑOBÁREZ,SALAMANCA,748,-6.608888889,40.85138889
406,2930Y,,NAVASFRÍAS,SALAMANCA,880,-6.812777778,40.29666667
407,2945A,,EL BODÓN BASE AÉREA,SALAMANCA,805,-6.576944444,40.485
408,2946X,8195,SAELICES EL CHICO,SALAMANCA,680,-6.6,40.635
409,2966D,,ALCAÑICES,ZAMORA,840,-6.301388889,41.68333333
410,2969U,,A GUDIÑA,OURENSE,910,-7.183055556,42.02722222
411,2978X,,VERÍN,OURENSE,380,-7.421944444,41.92666667
412,3013,8232,MOLINA DE ARAGÓN,GUADALAJARA,1062,-1.878888889,40.84166667
413,3021Y,,ZAOREJAS,GUADALAJARA,1250,-2.199722222,40.75833333
414,3040Y,,BETETA,CUENCA,1214,-2.076388889,40.57166667
415,3044X,8230,CAÑIZARES,CUENCA,928,-2.15,40.53027778
416,3085Y,,PASTRANA,GUADALAJARA,920,-2.953055556,40.40777778
417,3094B,8277,TARANCÓN,CUENCA,819,-3.021388889,40.01194444
418,3099Y,,OCAÑA,TOLEDO,733,-3.496111111,39.93527778
419,3100B,8229,ARANJUEZ,MADRID,540,-3.546111111,40.06722222
420,3103,,PANTANO EL VADO,GUADALAJARA,910,-3.301944444,41.00361111
421,3104Y,,RASCAFRÍA,MADRID,1159,-3.888333333,40.88972222
422,3110C,8146,BUITRAGO DEL LOZOYA,MADRID,1030,-3.613888889,41.00694444
423,3111D,8145,SOMOSIERRA,MADRID,1450,-3.580555556,41.13555556
424,3125Y,,SAN SEBASTIÁN DE LOS REYES,MADRID,672,-3.616666667,40.55
425,3126Y,,"MADRID, EL GOLOSO",MADRID,740,-3.711944444,40.56138889
426,3129,8221,MADRID AEROPUERTO,MADRID,609,-3.555555556,40.46666667
427,3130C,8150,SIGÜENZA,GUADALAJARA,1005,-2.618055556,41.08638889
428,3140Y,,MANDAYONA,GUADALAJARA,990,-2.76,40.985
429,3168A,,"GUADALAJARA, INSTITUTO",GUADALAJARA,685,-3.166666667,40.63472222
430,3168C,8226,"GUADALAJARA, EL SERRANILLO",GUADALAJARA,639,-3.173333333,40.65916667
431,3168D,8226,GUADALAJARA,GUADALAJARA,727,-3.150277778,40.63027778
432,3170Y,,ALCALA DE HENARES,MADRID,605,-3.289722222,40.52833333
433,3175,8227,TORREJÓN DE ARDOZ,MADRID,607,-3.443611111,40.48861111
434,3182Y,,ARGANDA DEL REY,MADRID,533,-3.497777778,40.31166667
435,3191E,8219,COLMENAR VIEJO,MADRID,1004,-3.765,40.69611111
436,3194U,8220,"MADRID, CIUDAD UNIVERSITARIA",MADRID,664,-3.724166667,40.45166667
437,3194Y,,POZUELO DE ALARCÓN,MADRID,665,-3.813333333,40.44833333
438,3195,8222,"MADRID, RETIRO",MADRID,667,-3.678055556,40.41166667
439,3196,8223,"MADRID, CUATRO VIENTOS",MADRID,690,-3.786111111,40.37555556
440,3200,8224,GETAFE,MADRID,620,-3.722222222,40.29944444
441,3209Y,,BRIHUEGA,GUADALAJARA,835,-2.874166667,40.76527778
442,3229Y,,TIELMES,MADRID,594,-3.311666667,40.24722222
443,3245Y,,TEMBLEQUE,TOLEDO,635,-3.505833333,39.69611111
444,3254Y,,MORA,TOLEDO,717,-3.780555556,39.68694444
445,3259,,"TOLEDO, LORENZANA",TOLEDO,540,-4.025555556,39.85944444
446,3260B,8272,TOLEDO,TOLEDO,513,-4.045277778,39.88472222
447,3266A,8217,PUERTO ALTO DEL LEÓN,MADRID,1532,-4.141944444,40.70638889
448,3268C,,ALPEDRETE,MADRID,924,-4.0175,40.65972222
449,3298X,8270,SAN PABLO DE LOS MONTES,TOLEDO,917,-4.350555556,39.54694444
450,3305Y,,NAVAHERMOSA,TOLEDO,750,-4.476944444,39.63055556
451,3319D,,PUERTO DEL PICO,AVILA,1285,-5.012777778,40.33972222
452,3330Y,,ROZAS DE PUERTO REAL,MADRID,890,-4.487222222,40.31305556
453,3337U,,CEBREROS,AVILA,850,-4.455833333,40.4675
454,3338,8212,ROBLEDO DE CHAVELA,MADRID,770,-4.248611111,40.42861111
455,3343Y,,VALDEMORILLO,MADRID,884,-4.061111111,40.49666667
456,3362Y,,CASTILLO DE BAYUELA,TOLEDO,560,-4.680555556,40.10833333
457,3365A,8274,TALAVERA DE LA REINA,TOLEDO,372,-4.863611111,39.95861111
458,3386A,,NAVALVILLAR DE IBOR,CACERES,923,-5.391666667,39.59166667
459,3391,8208,SOTILLO DE LA ADRADA,AVILA,630,-4.590833333,40.28861111
460,3422D,,CANDELEDA,AVILA,350,-5.311388889,40.13916667
461,3423I,,MADRIGAL DE LA VERA,CACERES,464,-5.373333333,40.15388889
462,3427Y,,OROPESA,TOLEDO,345,-5.114444444,39.99333333
463,3434X,8254,NAVALMORAL DE LA MATA,CACERES,269,-5.5825,39.94583333
464,3436D,,GARGANTA LA OLLA,CACERES,690,-5.784722222,40.11111111
465,3448X,,SERRADILLA,CACERES,406,-6.1275,39.82083333
466,3455X,,JARAICEJO,CACERES,559,-5.808333333,39.67
467,3463X,8263,TRUJILLO,CACERES,503,-5.854166667,39.4825
468,3463Y,8263,TRUJILLO,CACERES,523,-5.874166667,39.46416667
469,3469,,"CÁCERES, CIUDAD",CACERES,459,-6.376388889,39.47583333
470,3469A,8261,CÁCERES,CACERES,394,-6.338888889,39.47138889
471,3475X,,CAÑAVERAL,CACERES,373,-6.376388889,39.79055556
472,3494U,,NUÑOMORAL,CACERES,470,-6.239722222,40.40805556
473,3503,,GUIJO DE GRANADILLA,CACERES,393,-6.1675,40.18944444
474,3504X,,HERVÁS,CACERES,724,-5.861111111,40.265
475,3512X,,MONTEHERMOSO,CACERES,351,-6.338888889,40.08083333
476,3514B,,TORNAVACAS,CACERES,991,-5.678333333,40.25861111
477,3516X,,PIORNAL,CACERES,1260,-5.8325,40.12083333
478,3519X,8252,PLASENCIA,CACERES,415,-6.085833333,40.04305556
479,3526X,8251,CORIA,CACERES,313,-6.5575,40.00361111
480,3531X,,TORRECILLA DE LOS ANGELES,CACERES,459,-6.411666667,40.255
481,3536X,,HOYOS,CACERES,560,-6.724444444,40.17472222
482,3540X,,ZARZA LA MAYOR,CACERES,336,-6.86,39.87138889
483,3547X,,VALVERDE DEL FRESNO,CACERES,450,-6.896111111,40.20722222
484,3562X,,ALISEDA,CACERES,321,-6.736388889,39.4275
485,3565X,,BROZAS,CACERES,425,-6.745,39.61805556
486,3576X,8260,VALENCIA DE ALCÁNTARA,CACERES,444,-7.231111111,39.41472222
487,4007Y,,OSSA DE MONTIEL,ALBACETE,905,-2.745,38.96583333
488,4051Y,,ALCÁZAR DEL REY,CUENCA,875,-2.806944444,40.06111111
489,4061X,8275,QUINTANAR DE LA ORDEN,TOLEDO,691,-3.048333333,39.59722222
490,4064Y,,ALCAZAR DE SAN JUAN,CIUDAD REAL,640,-3.215833333,39.39083333
491,4067,8273,MADRIDEJOS,TOLEDO,690,-3.528333333,39.49194444
492,4070Y,,ABIA DE OBISPALIA,CUENCA,1020,-2.395277778,40.01888889
493,4075Y,,VILLARES DEL SAZ,CUENCA,870,-2.503333333,39.84027778
494,4089A,,ALBERCA DE ZANCARA,CUENCA,858,-2.495833333,39.51694444
495,4090Y,8256,SAN CLEMENTE,CUENCA,728,-2.420555556,39.41666667
496,4091Y,,VILLARROBLEDO,ALBACETE,718,-2.5925,39.26194444
497,4093Y,,OSA DE LA VEGA,CUENCA,763,-2.76,39.65611111
498,4095Y,,BELMONTE,CUENCA,745,-2.705555556,39.55527778
499,4096Y,,MUNERA,ALBACETE,918,-2.488888889,39.01666667
500,4103X,8276,TOMELLOSO,CIUDAD REAL,662,-3.0075,39.16916667
501,4116I,8349,ALMAGRO / FAMET,CIUDAD REAL,626,-3.741944444,38.95083333
502,4121,8348,CIUDAD REAL,CIUDAD REAL,626,-3.920277778,38.98916667
503,4121C,,"CIUDAD REAL, INSTITUTO",CIUDAD REAL,627,-3.929166667,38.98777778
504,4138Y,,VILLANUEVA DE LOS INFANTES,CIUDAD REAL,900,-3.004444444,38.7375
505,4147X,8351,VALDEPEÑAS,CIUDAD REAL,700,-3.391388889,38.75055556
506,4148,8345,VISO DEL MARQUÉS,CIUDAD REAL,804,-3.566666667,38.51805556
507,4193Y,,EL ROBLEDO,CIUDAD REAL,587,-4.282777778,39.21694444
508,4195E,,"ALCORNOQUERA, PARQUE NACIONAL CABAÑEROS",CIUDAD REAL,651,-4.395,39.32083333
509,4210Y,,ABENÓJAR,CIUDAD REAL,718,-4.291944444,38.89805556
510,4220X,8271,PUEBLA DE DON RODRIGO,CIUDAD REAL,533,-4.621944444,39.08361111
511,4236Y,,PUERTO REY,CACERES,689,-5.026388889,39.45055556
512,4244X,8264,HERRERA DEL DUQUE,BADAJOZ,447,-5.062222222,39.16944444
513,4245X,,GUADALUPE,CACERES,660,-5.333333333,39.45527778
514,4260,,PERALEDA DEL ZAUCEJO,BADAJOZ,542,-5.5775,38.47972222
515,4263X,,VALSEQUILLO,CORDOBA,575,-5.350555556,38.40944444
516,4267X,8335,HINOJOSA DEL DUQUE,CORDOBA,551,-5.121388889,38.49833333
517,4300Y,,ALMADÉN,CIUDAD REAL,535,-4.845277778,38.77527778
518,4325Y,,CASTUERA,BADAJOZ,459,-5.529166667,38.74194444
519,4339X,,CAÑAMERO,CACERES,590,-5.368888889,39.31416667
520,4340,,NAVALVILLAR DE PELA,BADAJOZ,313,-5.461388889,39.10333333
521,4347X,,ZORITA,CACERES,413,-5.710277778,39.28277778
522,4358X,8333,DON BENITO,BADAJOZ,274,-5.880555556,38.95555556
523,4362X,,RETAMAL DE LLERENA,BADAJOZ,474,-5.845833333,38.57638889
524,4386B,8336,LLERENA,BADAJOZ,655,-6.016944444,38.23166667
525,4395X,,VILLAFRANCA DE LOS BARROS,BADAJOZ,430,-6.306666667,38.55166667
526,4410X,8331,MÉRIDA,BADAJOZ,228,-6.385555556,38.91583333
527,4411C,,ALCUESCAR,CACERES,467,-6.231111111,39.1975
528,4427X,,ZAFRA,BADAJOZ,433,-6.436666667,38.42583333
529,4436Y,,ALMENDRALEJO,BADAJOZ,371,-6.361111111,38.68888889
530,4452,8330,BADAJOZ AEROPUERTO,BADAJOZ,186,-6.813888889,38.88333333
531,4464X,,ALBURQUERQUE,BADAJOZ,283,-6.995277778,39.18194444
532,4468X,,PUEBLA DE OBANDO,BADAJOZ,392,-6.600833333,39.17666667
533,4478X,8329,BADAJOZ,BADAJOZ,174,-7.009444444,38.88611111
534,4486X,,OLIVENZA,BADAJOZ,275,-7.084444444,38.6975
535,4489X,,ALCONCHEL,BADAJOZ,170,-7.281944444,38.48472222
536,4492F,,BARCARROTA,BADAJOZ,377,-6.923333333,38.47277778
537,4497X,,VILLANUEVA DEL FRESNO,BADAJOZ,247,-7.158055556,38.37222222
538,4499X,,MONESTERIO,BADAJOZ,771,-6.271944444,38.08138889
539,4501X,,FUENTE DE CANTOS,BADAJOZ,602,-6.311388889,38.20861111
540,4511C,8337,JEREZ DE LOS CABALLEROS,BADAJOZ,381,-6.765,38.29861111
541,4520X,,FREGENAL DE LA SIERRA,BADAJOZ,586,-6.661666667,38.17833333
542,4527X,,AROCHE,HUELVA,267,-6.975833333,37.98027778
543,4541X,,EL GRANADO,HUELVA,60,-7.52,37.55361111
544,4549Y,8381,AYAMONTE,HUELVA,3,-7.395,37.19472222
545,4554X,,CARTAYA,HUELVA,15,-7.083611111,37.21833333
546,4560Y,8380,ALAJAR,HUELVA,572,-6.675,37.86861111
547,4575X,,VALVERDE DEL CAMINO,HUELVA,280,-6.767777778,37.57527778
548,4584X,,EL CERRO DE ANDÉVALO,HUELVA,270,-6.942222222,37.73166667
549,4589X,,"ALOSNO, THARSIS",HUELVA,276,-7.119444444,37.59777778
550,4605,,HUELVA,HUELVA,17,-6.949722222,37.25666667
551,4608X,,EL CAMPILLO,HUELVA,415,-6.63,37.67722222
552,4622X,,VILLARRASA,HUELVA,145,-6.636666667,37.45083333
553,4642E,8383,"HUELVA, RONDA ESTE",HUELVA,18,-6.911666667,37.27833333
554,5000A,,"CEUTA, MONTE HACHO",CEUTA,200,-5.292222222,35.89555556
555,5000C,60320,CEUTA,CEUTA,87,-5.346944444,35.88861111
556,5038X,8353,CAZORLA,JAEN,782,-3.003888889,37.91583333
557,5038Y,,CAZORLA,JAEN,799,-3.003888889,37.91583333
558,5047E,8424,BAZA,GRANADA,785,-2.735,37.50583333
559,5051X,8423,HUÉSCAR,GRANADA,1100,-2.652777778,37.86138889
560,5060X,,VÉLEZ BLANCO - TOPARES,ALMERIA,1190,-2.228055556,37.86083333
561,5103E,,"CAMARATE 2, PARQUE NACIONAL SIERRA NEVADA",GRANADA,2152,-3.256944444,37.15833333
562,5103F,,"CAMARATE, PARQUE NACIONAL SIERRA NEVADA",GRANADA,1534,-3.253888889,37.19111111
563,5107D,,DÓLAR,GRANADA,1197,-2.986388889,37.18
564,5164B,,BAEZA,JAEN,771,-3.461944444,37.99666667
565,5165X,,TORRES,JAEN,910,-3.563611111,37.78083333
566,5181D,8352,ARROYO DEL OJANCO,JAEN,580,-2.889722222,38.31472222
567,5192,8354,VILLARRODRIGO,JAEN,862,-2.6375,38.48916667
568,5210X,,VILLANUEVA DEL ARZOBISPO,JAEN,680,-2.998055556,38.175
569,5246,8350,SANTA ELENA,JAEN,770,-3.535277778,38.34444444
570,5270,,"JAÉN, INSTITUTO",JAEN,510,-3.788888889,37.77638889
571,5270B,8417,JAÉN,JAEN,580,-3.809166667,37.7775
572,5279X,,LINARES,JAEN,515,-3.629444444,38.15111111
573,5281X,,BAILÉN,JAEN,345,-3.7825,38.09305556
574,5298X,8347,ANDÚJAR,JAEN,202,-4.063333333,38.02305556
575,5304Y,,PUERTOLLANO,CIUDAD REAL,665,-4.059166667,38.66888889
576,5341C,,FUENCALIENTE,CIUDAD REAL,710,-4.301666667,38.42888889
577,5346X,,CARDEÑA,CORDOBA,720,-4.2725,38.18666667
578,5361X,,MONTORO,CORDOBA,155,-4.330277778,38.01333333
579,5390Y,8346,VILLANUEVA DE CÓRDOBA,CORDOBA,750,-4.608888889,38.33305556
580,5394X,,"CÓRDOBA, EMBALSE DE GUADANUÑO",CORDOBA,525,-4.796666667,38.02083333
581,5402,8410,CÓRDOBA AEROPUERTO,CORDOBA,90,-4.846666667,37.84888889
582,5406X,,ALCALÁ LA REAL,JAEN,908,-3.908055556,37.4975
583,5412X,,PRIEGO DE CÓRDOBA,CORDOBA,550,-4.207777778,37.48472222
584,5427X,8412,DOÑA MENCÍA,CORDOBA,650,-4.353888889,37.55611111
585,5429X,,"CÓRDOBA, PRÁGDENA",CORDOBA,275,-4.462222222,37.81027778
586,5459X,,ESPIEL,CORDOBA,465,-4.928611111,38.11111111
587,5470,,FUENTE PALMERA,CORDOBA,120,-5.100555556,37.75305556
588,5473X,,AZUAGA,BADAJOZ,581,-5.686111111,38.26777778
589,5511,,"PRADOLLANO, PARQUE NACIONAL SIERRA NEVADA",GRANADA,3092,-3.371388889,37.06444444
590,5514,8420,GRANADA BASE AÉREA,GRANADA,687,-3.631388889,37.13722222
591,5514Z,8420,GRANADA BASE AÉREA,GRANADA,695,-3.633333333,37.13611111
592,5515D,8421,VÍZNAR,GRANADA,1258,-3.550555556,37.23694444
593,5515X,,GRANADA-CARTUJA,GRANADA,775,-3.595555556,37.18972222
594,5516D,8980,SIERRA NEVADA 'RADIOTELESCOPIO',GRANADA,2856,-3.386944444,37.06305556
595,5530E,8419,GRANADA AEROPUERTO,GRANADA,560,-3.789722222,37.19027778
596,5582A,8414,LOJA,GRANADA,760,-4.152777778,37.16111111
597,5598X,,BENAMEJÍ,CORDOBA,465,-4.547777778,37.23083333
598,5612B,8399,LA RODA DE ANDALUCÍA,SEVILLA,410,-4.77,37.19444444
599,5612X,,LORA DE ESTEPA,SEVILLA,450,-4.826944444,37.27027778
600,5624X,,AGUILAR DE LA FRONTERA,CORDOBA,309,-4.685833333,37.48194444
601,5625X,,LA RAMBLA,CORDOBA,200,-4.763888889,37.63861111
602,5641X,8395,ÉCIJA,SEVILLA,130,-5.085,37.51611111
603,5654X,,LA PUEBLA DE LOS INFANTES,SEVILLA,200,-5.371111111,37.78666667
604,5656,,FUENTES DE ANDALUCÍA,SEVILLA,165,-5.433055556,37.49722222
605,5702X,,CARMONA,SEVILLA,50,-5.740555556,37.56555556
606,5704B,8392,CAZALLA DE LA SIERRA,SEVILLA,550,-5.769722222,37.92638889
607,5726X,,GUADALCANAL,SEVILLA,720,-5.819166667,38.09944444
608,5733X,,ALMADÉN DE LA PLATA,SEVILLA,450,-6.075,37.79111111
609,5769X,,CALA,HUELVA,618,-6.322222222,37.97361111
610,5783,8391,SEVILLA AEROPUERTO,SEVILLA,34,-5.879166667,37.41666667
611,5788X,,"TOMARES, ZAUDÍN",SEVILLA,84,-6.059722222,37.36166667
612,5790Y,,"SEVILLA, TABLADA",SEVILLA,9,-6.005833333,37.36416667
613,5796,8397,MORÓN DE LA FRONTERA,SEVILLA,87,-5.611388889,37.16444444
614,5835X,,CARRIÓN DE LOS CÉSPEDES,SEVILLA,76,-6.334166667,37.36
615,5858X,,ALMONTE,HUELVA,5,-6.443055556,36.98861111
616,5860E,8384,"MOGUER, EL ARENOSILLO",HUELVA,41,-6.738055556,37.09805556
617,5891X,,LAS CABEZAS DE SAN JUAN,SEVILLA,105,-5.846666667,36.95333333
618,5906X,,CHIPIONA,CADIZ,10,-6.400555556,36.75
619,5910,8449,"ROTA, BASE NAVAL",CADIZ,21,-6.3325,36.63888889
620,5911A,8455,GRAZALEMA,CADIZ,913,-5.374166667,36.76055556
621,5919X,,OLVERA,CADIZ,530,-5.259444444,36.93166667
622,5941X,,EL BOSQUE,CADIZ,295,-5.512222222,36.72944444
623,5950X,,SAN JOSÉ DEL VALLE,CADIZ,105,-5.783333333,36.66388889
624,5960,8451,JEREZ DE LA FRONTERA AEROPUERTO,CADIZ,27,-6.055833333,36.75055556
625,5972X,8453,SAN FERNANDO,CADIZ,28,-6.205555556,36.46555556
626,5973,8452,CÁDIZ,CADIZ,2,-6.257777778,36.49972222
627,5983X,,MEDINA SIDONIA,CADIZ,70,-5.920277778,36.40611111
628,5995B,8457,VEJER DE LA FRONTERA,CADIZ,186,-5.965,36.24555556
629,5996B,,BARBATE,CADIZ,4,-5.909444444,36.18472222
630,5998X,,OSUNA,SEVILLA,255,-5.1125,37.24333333
631,6000A,60338,MELILLA,MELILLA,52,-2.956388889,35.27638889
632,6001,8458,TARIFA,CADIZ,32,-5.598888889,36.01388889
633,6032B,8443,RONDA,MALAGA,766,-5.168333333,36.74972222
634,6032X,,RONDA INSTITUTO,MALAGA,760,-5.168611111,36.75
635,6040X,,CORTES DE LA FRONTERA,MALAGA,315,-5.386388889,36.54444444
636,6042I,,JIMENA DE LA FRONTERA,CADIZ,42,-5.395,36.43555556
637,6045X,,ALPANDEIRE,MALAGA,676,-5.203055556,36.6325
638,6050X,,GAUCÍN,MALAGA,594,-5.318611111,36.51861111
639,6056X,,SAN ROQUE,CADIZ,1,-5.284444444,36.27305556
640,6057X,,MANILVA,MALAGA,140,-5.26,36.37833333
641,6058I,8463,ESTEPONA,MALAGA,19,-5.155,36.41694444
642,6069X,,BENAHAVÍS,MALAGA,392,-5.024722222,36.54361111
643,6076X,,"MARBELLA, PUERTO",MALAGA,2,-4.953055556,36.48444444
644,6083X,,MARBELLA,MALAGA,2,-4.740277778,36.48333333
645,6084X,8480,FUENGIROLA,MALAGA,8,-4.618333333,36.53861111
646,6088X,,TORREMOLINOS,MALAGA,85,-4.515,36.62055556
647,6100B,,ANTEQUERA AYUNTAMIENTO (AUTOMÁTICA THIES),MALAGA,515,-4.5625,37.02388889
648,6106X,8413,ANTEQUERA,MALAGA,408,-4.748333333,37.02944444
649,6127X,,ÁLORA,MALAGA,172,-4.696666667,36.85472222
650,6143X,,COÍN,MALAGA,230,-4.760833333,36.65777778
651,6155A,8482,MÁLAGA AEROPUERTO,MALAGA,7,-4.482222222,36.66611111
652,6156X,8481,"MÁLAGA, CENTRO METEOROLÓGICO",MALAGA,54,-4.481666667,36.71777778
653,6172O,8479,"MÁLAGA, PUERTO",MALAGA,25,-4.419722222,36.71666667
654,6172X,,MÁLAGA,MALAGA,25,-4.419722222,36.71666667
655,6175X,,RINCÓN DE LA VICTORIA,MALAGA,7,-4.286111111,36.715
656,6199X,,VÉLEZ-MÁLAGA,MALAGA,41,-4.093611111,36.76861111
657,6201X,,ALGARROBO,MALAGA,35,-4.043888889,36.75583333
658,6205X,8484,TORROX,MALAGA,3,-3.957222222,36.72638889
659,6213X,,NERJA,MALAGA,169,-3.845277778,36.76277778
660,6248D,,"CAÑAR, PARQUE NACIONAL SIERRA NEVADA",GRANADA,1732,-3.430277778,36.95222222
661,6258X,,LANJARÓN,GRANADA,708,-3.4925,36.92305556
662,6267X,,SALOBREÑA,GRANADA,20,-3.578611111,36.74833333
663,6268X,8485,MOTRIL,GRANADA,12,-3.530277778,36.72277778
664,6268Y,,"MOTRIL, PUERTO",GRANADA,3,-3.529166667,36.72388889
665,6272X,,CASTELL DE FERRO,GRANADA,235,-3.38,36.73416667
666,6277B,,ADRA,ALMERIA,8,-3.020555556,36.74722222
667,6281X,,VÁLOR,GRANADA,1020,-3.071388889,37.00527778
668,6291B,,EL EJIDO,ALMERIA,98,-2.813055556,36.77472222
669,6293X,8492,ROQUETAS DE MAR,ALMERIA,3,-2.701666667,36.68694444
670,6297,,ALMERÍA,ALMERIA,7,-2.455555556,36.83111111
671,6299I,,"LAGUNA SECA, PARQUE NACIONAL SIERRA NEVADA",GRANADA,2300,-2.964444444,37.09583333
672,6302A,8427,ABLA,ALMERIA,869,-2.78,37.14138889
673,6307C,,"LAÚJAR, PARQUE NACIONAL SIERRA NEVADA",ALMERIA,1713,-2.897222222,37.05305556
674,6307X,,LÁUJAR DE ANDARAX,ALMERIA,1510,-2.9125,37.03333333
675,6312E,,"RÁGOL, PARQUE NACIONAL SIERRA NEVADA",ALMERIA,601,-2.677222222,37.02083333
676,6325O,8487,ALMERÍA AEROPUERTO,ALMERIA,21,-2.356944444,36.84638889
677,6329X,,CABO DE GATA,ALMERIA,42,-2.193055556,36.72194444
678,6332X,8488,CARBONERAS,ALMERIA,16,-1.903611111,36.98027778
679,6332Y,8488,CARBONERAS,ALMERIA,222,-1.906944444,36.94222222
680,6335O,,"NACIMIENTO, PARQUE NACIONAL SIERRA NEVADA",ALMERIA,970,-2.699166667,37.11
681,6340X,,GARRUCHA,ALMERIA,28,-1.828611111,37.16916667
682,6364X,,ALBOX,ALMERIA,508,-2.151388889,37.40666667
683,6367B,8428,HUÉRCAL-OVERA,ALMERIA,300,-1.943611111,37.39055556
684,6375X,,FUENTE DE PIEDRA,MALAGA,420,-4.741944444,37.13222222
685,6381,8490,ALBORÁN,ALMERIA,15,-3.036111111,35.93833333
686,7002Y,8432,ÁGUILAS,MURCIA,32,-1.586944444,37.41722222
687,7007Y,,MAZARRÓN,MURCIA,66,-1.230555556,37.58805556
688,7012C,8434,CARTAGENA,MURCIA,17,-0.987777778,37.60111111
689,7012D,8434,CARTAGENA,MURCIA,56,-1.023333333,37.60444444
690,7019X,,CARTAGENA/SALINAS CABO PALOS,MURCIA,3,-0.715555556,37.63583333
691,7020C,,MURCIA AEROPUERTO,MURCIA,205,-1.128055556,37.8075
692,7023X,,FUENTE ÁLAMO DE MURCIA,MURCIA,140,-1.167222222,37.72638889
693,7026X,,TORRE-PACHECO,MURCIA,50,-0.9675,37.73888889
694,7031,8433,SAN JAVIER AEROPUERTO,MURCIA,4,-0.803333333,37.78888889
695,7031X,8433,SAN JAVIER AEROPUERTO,MURCIA,4,-0.805833333,37.77833333
696,7066Y,,"YESTE, EMBALSE FUENSANTA",ALBACETE,680,-2.218888889,38.39333333
697,7067Y,,NERPIO,ALBACETE,1485,-2.413055556,38.08833333
698,7072Y,,YESTE,ALBACETE,960,-2.293888889,38.295
699,7080X,,MORATALLA,MURCIA,955,-1.986388889,38.26833333
700,7096B,8355,HELLÍN,ALBACETE,605,-1.703055556,38.54194444
701,7103Y,,TOBARRA,ALBACETE,615,-1.689444444,38.58805556
702,7119B,8365,CARAVACA DE LA CRUZ,MURCIA,643,-1.877222222,38.10305556
703,7121A,,CALASPARRA,MURCIA,350,-1.702222222,38.23416667
704,7127X,,BULLAS,MURCIA,690,-1.695277778,38.04916667
705,7138B,,JUMILLA,MURCIA,485,-1.335277778,38.45888889
706,7145D,8363,CIEZA,MURCIA,265,-1.380555556,38.23277778
707,7158X,,ARCHENA,MURCIA,150,-1.305833333,38.12805556
708,7172X,,MULA,MURCIA,255,-1.449166667,38.04138889
709,7178I,8430,MURCIA,MURCIA,62,-1.170833333,38.00194444
710,7195X,,"CARAVACA DE LA CRUZ, LOS ROYOS",MURCIA,985,-2.058333333,37.92611111
711,7203A,,"LORCA, ZARCILLA DE RAMOS",MURCIA,646,-1.869722222,37.84472222
712,7209,8426,LORCA,MURCIA,312,-1.687222222,37.65638889
713,7211B,,PUERTO LUMBRERAS,MURCIA,445,-1.797222222,37.56805556
714,7218Y,,TOTANA,MURCIA,281,-1.512777778,37.75861111
715,7227X,,ALHAMA DE MURCIA,MURCIA,157,-1.334722222,37.86166667
716,7228,8429,"ALCANTARILLA, BASE AÉREA",MURCIA,75,-1.228611111,37.95777778
717,7237E,,MOLINA DE SEGURA,MURCIA,170,-1.158611111,38.13888889
718,7244X,,ORIHUELA,ALICANTE,26,-0.981388889,38.06777778
719,7247X,8357,EL PINÓS/PINOSO,ALICANTE,577,-1.038055556,38.39972222
720,7250C,,ABANILLA,MURCIA,174,-1.033888889,38.19444444
721,7261X,8367,ROJALES,ALICANTE,31,-0.715277778,38.08805556
722,7275C,8356,YECLA,MURCIA,640,-1.159722222,38.60166667
723,8005X,,FONTANARS DELS ALFORINS,VALENCIA,622,-0.795833333,38.78
724,8008Y,,VILLENA,ALICANTE,486,-0.865555556,38.57694444
725,8013X,,NOVELDA,ALICANTE,233,-0.757777778,38.38555556
726,8018X,,ELX/ELCHE,ALICANTE,110,-0.680555556,38.2875
727,8019,8360,ALICANTE-ELCHE AEROPUERTO,ALICANTE,43,-0.570833333,38.28277778
728,8025,8359,ALACANT/ALICANTE,ALICANTE,81,-0.494166667,38.3725
729,8036Y,,BENIDORM,ALICANTE,36,-0.137777778,38.54361111
730,8050X,8370,JÁVEA/ XÀBIA,ALICANTE,15,0.166666667,38.78416667
731,8057C,,PEGO,ALICANTE,60,-0.118333333,38.84666667
732,8058X,8282,OLIVA,VALENCIA,1,-0.065,38.90416667
733,8058Y,,MIRAMAR,VALENCIA,12,-0.137777778,38.95027778
734,8059C,,ALCOI/ALCOY,ALICANTE,530,-0.46,38.71083333
735,8072Y,,BARX,VALENCIA,340,-0.304722222,39.01694444
736,8084Y,,PANTANO DE LA TOBA (AUTOMATICA),CUENCA,1154,-1.925833333,40.2225
737,8096,8231,CUENCA,CUENCA,949,-2.131944444,40.06722222
738,8155Y,,MOTILLA DEL PALANCAR,CUENCA,830,-1.915277778,39.55527778
739,8175,8280,ALBACETE BASE AÉREA,ALBACETE,702,-1.856388889,38.95416667
740,8177A,8278,CHINCHILLA,ALBACETE,880,-1.658888889,38.9375
741,8178D,8279,ALBACETE,ALBACETE,674,-1.862222222,39.00555556
742,8193E,,JALANCE,VALENCIA,372,-1.094444444,39.20833333
743,8198Y,,ALMANSA,ALBACETE,710,-1.063055556,38.85055556
744,8203O,8283,ZARRA,VALENCIA,856,-1.101111111,39.08305556
745,8210Y,,SALVACAÑETE,CUENCA,1160,-1.503611111,40.10305556
746,8245Y,,MIRA,CUENCA,815,-1.4425,39.71444444
747,8270X,,BICORP,VALENCIA,305,-0.79,39.13361111
748,8283X,,ONTINYENT,VALENCIA,350,-0.607777778,38.82944444
749,8293X,8290,XÀTIVA,VALENCIA,88,-0.523055556,39.00166667
750,8300X,,CARCAIXENT,VALENCIA,25,-0.445833333,39.11333333
751,8309X,8281,UTIEL,VALENCIA,758,-1.244722222,39.57555556
752,8325X,8287,POLINYÀ DE XÚQUER,VALENCIA,11,-0.371388889,39.18388889
753,8337X,,TURÍS,VALENCIA,186,-0.624722222,39.39222222
754,8354X,,ALBARRACÍN,TERUEL,1130,-1.441388889,40.41972222
755,8368U,8235,TERUEL,TERUEL,902,-1.124166667,40.35083333
756,8376,,JABALOYAS,TERUEL,1430,-1.411666667,40.23611111
757,8381X,,ADEMUZ,VALENCIA,705,-1.283611111,40.06055556
758,8395X,,CHELVA,VALENCIA,515,-0.993611111,39.75333333
759,8409X,,LLÍRIA,VALENCIA,198,-0.653888889,39.66388889
760,8414A,8284,VALENCIA AEROPUERTO,VALENCIA,56,-0.474722222,39.485
761,8416,8285,VALÈNCIA,VALENCIA,13,-0.366388889,39.48055556
762,8416X,,"VALENCIA, UPV",VALENCIA,6,-0.337222222,39.47944444
763,8416Y,8285,"VALÈNCIA, VIVEROS",VALENCIA,13,-0.366111111,39.48083333
764,8439X,,SEGORBE,CASTELLON,400,-0.485277778,39.79555556
765,8446Y,,SAGUNT/SAGUNTO,VALENCIA,24,-0.258888889,39.70083333
766,8458X,,CEDRILLAS,TERUEL,1380,-0.849444444,40.43055556
767,8472A,,MONTANEJOS,CASTELLON,601,-0.546944444,40.08777778
768,8486X,,MOSQUERUELA,TERUEL,1515,-0.454444444,40.3625
769,8489X,8241,VILLAFRANCA DEL CID/VILAFRANCA,CASTELLON,1130,-0.255555556,40.43333333
770,8492X,,ATZENETA DEL MAESTRAT,CASTELLON,420,-0.169722222,40.22722222
771,8500A,8286,CASTELLÓ - ALMASSORA,CASTELLON,43,-0.071944444,39.95722222
772,8501,,CASTELLÓ DE LA PLANA,CASTELLON,23,-0.032222222,39.98916667
773,8503Y,,TORREBLANCA,CASTELLON,35,0.183611111,40.21138889
774,8520X,,LA POBLA DE BENIFASSÀ-FREDES,CASTELLON,1165,0.165277778,40.69361111
775,8523X,8239,VINARÒS,CASTELLON,111,0.429722222,40.55416667
776,9001D,8032,REINOSA,CANTABRIA,870,-4.160555556,42.99194444
777,9001S,8061,ALTO CAMPOO,CANTABRIA,1650,-4.374444444,43.03666667
778,9012E,,SANTA GADEA DE ALFOZ,BURGOS,915,-3.957222222,42.95138889
779,9016X,,"VALDERREDIBLE, CUBILLO DE EBRO",CANTABRIA,770,-4.032222222,42.80972222
780,9019B,8033,"VALDERREDIBLE, POLIENTES",CANTABRIA,720,-3.933888889,42.80611111
781,9027X,,SARGENTES DE LA LORA,BURGOS,1017,-3.884444444,42.74694444
782,9031C,,BRIVIESCA,BURGOS,730,-3.308888889,42.55944444
783,9051,8063,MEDINA DE POMAR,BURGOS,580,-3.482777778,42.92
784,9060X,,LALASTRA,ARABA/ALAVA,910,-3.231666667,42.87527778
785,9069C,,MIRANDA DE EBRO,BURGOS,460,-2.960555556,42.68722222
786,9073X,,"AGURAIN/SALVATIERRA, OPAKUA",ARABA/ALAVA,660,-2.359722222,42.82972222
787,9087,,VITORIA AERÓDROMO,ARABA/ALAVA,521,-2.656111111,42.84972222
788,9091O,8080,FORONDA-TXOKIZA,ARABA/ALAVA,513,-2.735,42.88194444
789,9091R,8080,VITORIA-GASTEIZ AEROPUERTO,ARABA/ALAVA,513,-2.732777778,42.87194444
790,9111,8077,BELORADO,BURGOS,820,-3.170277778,42.42111111
791,9115X,,VALDEZCARAY,LA RIOJA,1630,-2.968055556,42.255
792,9121X,,HARO,LA RIOJA,465,-2.854722222,42.57527778
793,9122I,,LABASTIDA,ARABA/ALAVA,612,-2.776666667,42.60388889
794,9136X,,"ANGUIANO, VALVANERA",LA RIOJA,1006,-2.871111111,42.23083333
795,9141V,,NÁJERA,LA RIOJA,500,-2.726666667,42.41416667
796,9145X,,LEZA,ARABA/ALAVA,575,-2.632777778,42.56722222
797,9145Y,,CENICERO,LA RIOJA,429,-2.639444444,42.48277778
798,9170,8084,"LOGROÑO, AEROPUERTO",LA RIOJA,353,-2.331111111,42.45222222
799,9171K,,LOS ARCOS,NAVARRA,470,-2.183888889,42.57027778
800,9178X,,CAMPEZO/KANPEZU,ARABA/ALAVA,570,-2.346111111,42.67055556
801,9188,,ENCISO,LA RIOJA,855,-2.273333333,42.14944444
802,9195C,8909,ASTÚN- LA RACA,HUESCA,2276,-0.505277778,42.79305556
803,9198X,,CANFRANC,HUESCA,1197,-0.516111111,42.74944444
804,9201K,8091,JACA,HUESCA,823,-0.546944444,42.57888889
805,9201X,8091,JACA,HUESCA,832,-0.545,42.57972222
806,9207,,"VALLE DE HECHO, HECHO",HUESCA,860,-0.750555556,42.74055556
807,9208E,8095,ARAGÜÉS DEL PUERTO,HUESCA,1025,-0.672777778,42.70861111
808,9211F,,"BAILO, PUYALTO",HUESCA,722,-0.817222222,42.51416667
809,9218A,,ISABA/IZABA,NAVARRA,838,-0.924722222,42.8625
810,9228J,,OROZ-BETELU/OROTZ-BETELU,NAVARRA,635,-1.300277778,42.89611111
811,9228T,,RONCESVALLES/ORREAGA,NAVARRA,947,-1.325555556,43.00777778
812,9238X,,NAVASCUÉS/NABASKOZE,NAVARRA,612,-1.117222222,42.7175
813,9244X,8090,SOS DEL REY CATÓLICO,ZARAGOZA,626,-1.213333333,42.49083333
814,9245X,,CÁSEDA,NAVARRA,440,-1.366388889,42.52138889
815,9252X,,OLITE/ERRIBERRI,NAVARRA,390,-1.655555556,42.48916667
816,9257X,,"ESTERIBAR, EMBALSE DE EUGI",NAVARRA,615,-1.516944444,42.97055556
817,9262,,PAMPLONA,NAVARRA,450,-1.638333333,42.81777778
818,9262P,,MONREAL/ELO,NAVARRA,585,-1.495555556,42.70111111
819,9263D,8085,"PAMPLONA, AEROPUERTO",NAVARRA,459,-1.65,42.77694444
820,9263X,8089,"ARANGUREN, ILUNDAIN",NAVARRA,572,-1.5325,42.77611111
821,9274X,,IRURTZUN,NAVARRA,432,-1.835,42.91888889
822,9280B,,LARRAGA,NAVARRA,375,-1.8575,42.54944444
823,9283X,8153,CADREITA,NAVARRA,268,-1.711388889,42.20694444
824,9287A,,SAN PEDRO MANRIQUE,SORIA,1096,-2.230833333,42.02638889
825,9293X,,"ALFARO, LA PLANA",LA RIOJA,371,-1.743888889,42.17611111
826,9294E,8087,"BARDENAS REALES, BASE AÉREA",NAVARRA,295,-1.475277778,42.19861111
827,9299X,,TARAZONA,ZARAGOZA,475,-1.723333333,41.915
828,9301X,,MONTEAGUDO,NAVARRA,410,-1.690555556,41.95888889
829,9302Y,,TUDELA,NAVARRA,297,-1.609444444,42.05555556
830,9321X,,EJEA DE LOS CABALLEROS,ZARAGOZA,321,-1.139722222,42.12111111
831,9336D,,CASTEJON DE VALDEJASA,ZARAGOZA,543,-0.995833333,41.98416667
832,9344C,,ARCOS DE JALÓN,SORIA,863,-2.293055556,41.21638889
833,9352A,,ALMAZUL,SORIA,1000,-2.140277778,41.57472222
834,9354X,,ALHAMA DE ARAGON,ZARAGOZA,703,-1.895277778,41.29305556
835,9374X,,SANTA EULALIA DEL CAMPO,TERUEL,1000,-1.320833333,40.56666667
836,9377Y,,EL PEDREGAL,GUADALAJARA,1185,-1.568333333,40.77861111
837,9381,,"CALAMOCHA, AERÓDROMO",TERUEL,932,-1.305,40.865
838,9381I,8233,CALAMOCHA,TERUEL,884,-1.293333333,40.92611111
839,9390,8157,DAROCA,ZARAGOZA,774,-1.41,41.11444444
840,9394X,8156,CALATAYUD,ZARAGOZA,582,-1.645277778,41.33111111
841,9427X,,LA ALMUNIA DE DOÑA GODINA,ZARAGOZA,370,-1.380833333,41.48111111
842,9434,8160,"ZARAGOZA, AEROPUERTO",ZARAGOZA,249,-1.004166667,41.66055556
843,9434P,8159,"ZARAGOZA, VALDESPARTERA",ZARAGOZA,258,-0.934722222,41.62111111
844,9436X,,FONFRÍA,TERUEL,1255,-1.0875,40.99527778
845,9445L,8096,"FORMIGAL, SARRIOS",HUESCA,1800,-0.392777778,42.7625
846,9451F,8915,"PANTICOSA, PETROSOS",HUESCA,1850,-0.275277778,42.70444444
847,9453X,,"BIESCAS, EMBALSE DE BÚBAL",HUESCA,1100,-0.318888889,42.69916667
848,9460X,,SABIÑÁNIGO,HUESCA,775,-0.355555556,42.51277778
849,9491X,,ALMUDÉVAR,HUESCA,390,-0.585833333,42.02944444
850,9495Y,,LECIÑENA,ZARAGOZA,405,-0.617222222,41.79666667
851,9501X,,VALMADRID,ZARAGOZA,535,-0.885833333,41.44305556
852,9510X,,QUINTO,ZARAGOZA,205,-0.503888889,41.42916667
853,9513X,,MUNIESA,TERUEL,800,-0.805555556,41.03111111
854,9531Y,,MONTALBÁN,TERUEL,895,-0.792777778,40.82861111
855,9546B,,HIJAR,TERUEL,305,-0.441944444,41.17194444
856,9550C,,"ANDORRA, HORCALLANA",TERUEL,762,-0.407777778,40.97444444
857,9561X,,CASTELLOTE,TERUEL,755,-0.315277778,40.79833333
858,9562X,,MORELLA,CASTELLON,990,-0.101944444,40.62166667
859,9563X,8237,CASTELLFORT,CASTELLON,1220,-0.186666667,40.49861111
860,9569A,8166,CALANDA,TERUEL,466,-0.237777778,40.94666667
861,9573X,8164,ALCAÑIZ,TERUEL,334,-0.141666667,41.05805556
862,9574B,8165,"CASPE, PLANA DEL PILÓN",ZARAGOZA,215,-0.068611111,41.2425
863,9576C,8165,BUJARALOZ,ZARAGOZA,357,-0.174166667,41.52194444
864,9585,8117,LA MOLINA,GIRONA,1699,1.939444444,42.3325
865,9590,,MARTINET,LLEIDA,1038,1.693333333,42.36222222
866,9590D,8940,CAP DE REC,LLEIDA,1940,1.6675,42.43027778
867,9619,8115,LA SEU D'URGELL,LLEIDA,677,1.462777778,42.35472222
868,9632X,,TUIXENT,LLEIDA,1196,1.569444444,42.23027778
869,9638D,,COLL DE NARGÓ,LLEIDA,609,1.311944444,42.15444444
870,9647X,,TORÀ,LLEIDA,435,1.395555556,41.80583333
871,9650X,,ARTESA DE SEGRE,LLEIDA,400,1.108611111,41.88138889
872,9657X,,ESTERRI D'ÀNEU,LLEIDA,952,1.126111111,42.625
873,9660,,SANT MAURICI (LLAC),LLEIDA,1907,1.0075,42.58083333
874,9677,8938,PORT AINÉ,LLEIDA,2410,1.214722222,42.41
875,9689X,,TORRE DE CABDELLA,LLEIDA,1273,0.990833333,42.46638889
876,9698U,8112,TALARN,LLEIDA,807,0.864722222,42.20472222
877,9707,,LLIMIANA,LLEIDA,515,0.907222222,42.06694444
878,9718X,,TORDERA - GRANYANELLA,LLEIDA,463,1.223055556,41.68111111
879,9720X,8173,TÀRREGA,LLEIDA,388,1.149444444,41.65055556
880,9724X,,OS DE BALAGUER,LLEIDA,520,0.756111111,41.87333333
881,9726E,,LLORAC,TARRAGONA,657,1.309444444,41.55722222
882,9729X,,MOLLERUSSA,LLEIDA,252,0.866666667,41.61694444
883,9744B,,VALL DE BOÍ,LLEIDA,1089,0.798888889,42.50333333
884,9751,,SOPEIRA,HUESCA,760,0.746944444,42.31861111
885,9756X,,BENABARRE,HUESCA,765,0.48,42.1125
886,9771,,"LLEIDA, OBSERVATORIO",LLEIDA,199,0.621111111,41.61722222
887,9771C,8171,LLEIDA,LLEIDA,186,0.598055556,41.62611111
888,9772X,,LA POBLA DE CÉRVOLES,LLEIDA,673,0.913611111,41.36611111
889,9775X,,EL SOLERÀS,LLEIDA,392,0.678333333,41.41361111
890,9776D,,ELS TORMS,LLEIDA,488,0.734166667,41.39333333
891,9784P,8103,BIELSA,HUESCA,992,0.224722222,42.63
892,9808X,,"AÍNSA-SOBRARBE, LA SERRETA",HUESCA,610,0.138055556,42.42166667
893,9812M,,"PARADOR DE ORDESA, PARQUE NACIONAL ORDESA Y MONTEPERDIDO",HUESCA,1206,-0.099166667,42.65527778
894,9814A,8101,TORLA,HUESCA,1020,-0.111666667,42.62666667
895,9814I,8919,"TORLA-ORDESA, EL CEBOLLAR",HUESCA,1905,-0.124444444,42.65611111
896,9814X,,TORLA - ORDESA,HUESCA,1076,-0.111944444,42.6375
897,9838B,,BENASQUE,HUESCA,1120,0.520555556,42.59944444
898,9839V,8923,"CERLER, COGULLA",HUESCA,2374,0.543055556,42.555
899,9843A,,SEIRA,HUESCA,825,0.434166667,42.47694444
900,9855E,,"CAPELLA, LAGUARRES",HUESCA,600,0.466111111,42.20138889
901,9866C,,BARBASTRO,HUESCA,305,0.140555556,42.02138889
902,9894Y,,SARIÑENA,HUESCA,300,-0.160833333,41.79916667
903,9898,8094,"HUESCA, AEROPUERTO",HUESCA,546,-0.325555556,42.08444444
904,9901X,,HUESCA,HUESCA,463,-0.395,42.13888889
905,9908X,,LANAJA,HUESCA,380,-0.333055556,41.77388889
906,9911X,,BALLOBAR,HUESCA,178,0.187777778,41.61944444
907,9918Y,,"TAMARITE DE LITERA, LA MELUSA",HUESCA,218,0.376944444,41.78083333
908,9924X,,FRAGA,HUESCA,170,0.355555556,41.52472222
909,9935X,,VALDERROBRES,TERUEL,483,0.146388889,40.87333333
910,9946X,,HORTA DE SANT JOAN,TARRAGONA,495,0.311666667,40.95305556
911,9947X,,LA POBLA DE MASSALUCA,TARRAGONA,370,0.353333333,41.17722222
912,9961X,,CABACÉS,TARRAGONA,363,0.735277778,41.24944444
913,9975X,,RASQUERA,TARRAGONA,112,0.613611111,41.005
914,9981A,8238,ESTACIÓN DE TORTOSA (ROQUETES),TARRAGONA,50,0.493333333,40.82027778
915,9987P,8240,SANT JAUME D'ENVEJA,TARRAGONA,1,0.81,40.69916667
916,9988B,8936,CAP DE VAQUÈIRA,LLEIDA,2467,0.973888889,42.69194444
917,9990X,8107,"NAUT ARAN, ARTIES",LLEIDA,1161,0.876944444,42.70027778
918,9994X,,BOSSÒST,LLEIDA,722,0.689722222,42.77611111
919,9995Y,,VALCARLOS/LUZAIDE,NAVARRA,334,-1.300833333,43.09111111
920,9998X,,BELLO,TERUEL,1006,-1.494444444,40.92138889
